-- Azuregos Must Die!
SET @QUEST_AZUREGOS_MUST_DIE := 1000001;
SET @NPC_AZUREGOS := 6109;
INSERT INTO `quest_template` (`ID`, `QuestType`, `QuestLevel`, `MinLevel`, `QuestSortID`, `QuestInfoID`, `SuggestedGroupNum`, `RequiredFactionId1`, `RequiredFactionId2`, `RequiredFactionValue1`, `RequiredFactionValue2`, `RewardNextQuest`, `RewardXPDifficulty`, `RewardMoney`, `RewardBonusMoney`, `RewardDisplaySpell`, `RewardSpell`, `RewardHonor`, `RewardKillHonor`, `StartItem`, `Flags`, `RequiredPlayerKills`, `RewardItem1`, `RewardItem2`, `RewardItem3`, `RewardItem4`, `RewardAmount1`, `RewardAmount2`, `RewardAmount3`, `RewardAmount4`, `ItemDrop1`, `ItemDropQuantity1`, `ItemDrop2`, `ItemDropQuantity2`, `ItemDrop3`, `ItemDropQuantity3`, `ItemDrop4`, `ItemDropQuantity4`, `RewardChoiceItemID1`, `RewardChoiceItemID2`, `RewardChoiceItemID3`, `RewardChoiceItemID4`, `RewardChoiceItemID5`, `RewardChoiceItemID6`, `RewardChoiceItemQuantity1`, `RewardChoiceItemQuantity2`, `RewardChoiceItemQuantity3`, `RewardChoiceItemQuantity4`, `RewardChoiceItemQuantity5`, `RewardChoiceItemQuantity6`, `POIContinent`, `POIx`, `POIy`, `POIPriority`, `RewardTitle`, `RewardTalents`, `RewardArenaPoints`, `RewardFactionID1`, `RewardFactionID2`, `RewardFactionID3`, `RewardFactionID4`, `RewardFactionID5`, `RewardFactionValue1`, `RewardFactionValue2`, `RewardFactionValue3`, `RewardFactionValue4`, `RewardFactionValue5`, `RewardFactionOverride1`, `RewardFactionOverride2`, `RewardFactionOverride3`, `RewardFactionOverride4`, `RewardFactionOverride5`, `TimeAllowed`, `AllowableRaces`, `LogTitle`, `LogDescription`, `QuestDescription`, `AreaDescription`, `OfferRewardText`, `RequestItemsText`, `QuestCompletionLog`, `RequiredNpcOrGo1`, `RequiredNpcOrGo2`, `RequiredNpcOrGo3`, `RequiredNpcOrGo4`, `RequiredNpcOrGoCount1`, `RequiredNpcOrGoCount2`, `RequiredNpcOrGoCount3`, `RequiredNpcOrGoCount4`, `RequiredItemId1`, `RequiredItemId2`, `RequiredItemId3`, `RequiredItemId4`, `RequiredItemId5`, `RequiredItemId6`, `RequiredItemCount1`, `RequiredItemCount2`, `RequiredItemCount3`, `RequiredItemCount4`, `RequiredItemCount5`, `RequiredItemCount6`, `Unknown0`, `ObjectiveText1`, `ObjectiveText2`, `ObjectiveText3`, `ObjectiveText4`, `DetailsEmote1`, `DetailsEmote2`, `DetailsEmote3`, `DetailsEmote4`, `DetailsEmoteDelay1`, `DetailsEmoteDelay2`, `DetailsEmoteDelay3`, `DetailsEmoteDelay4`, `EmoteOnIncomplete`, `EmoteOnComplete`, `OfferRewardEmote1`, `OfferRewardEmote2`, `OfferRewardEmote3`, `OfferRewardEmote4`, `OfferRewardEmoteDelay1`, `OfferRewardEmoteDelay2`, `OfferRewardEmoteDelay3`, `OfferRewardEmoteDelay4`, `VerifiedBuild`) VALUES 
(@QUEST_AZUREGOS_MUST_DIE, 2, 80, 80, 16, 62, 0, 0, 0, 0, 0, 0, 0, 296000, 0, 0, 0, 0, 0, 0, 32968, 0, 49426, 47241, 0, 0, 5, 5, 0, 0, 0, 0, 0, 0, 0, 0, 0, 0, 0, 0, 0, 0, 0, 0, 0, 0, 0, 0, 0, 0, 0, 0, 0, 0, 0, 0, 0, 1090, 0, 0, 0, 0, 5, 0, 0, 0, 0, 0, 0, 0, 0, 0, 0, 690, 'Azuregos Must Die!', 'Kill Azuregos.$B$BThis quest can be completed with any difficulty or size raid.', 'Azuregos has failed in his task to watch over one of the shards of the Scepter of Shifting Sands, resulting in the reopening of Ahn\'Qiraj.$B$BThe Council of Six has decreed that Azuregos must die!', NULL, 'We hope that this punishment gives a message to all the keepers of ancient relics.', NULL, 'Return to Archmage Lan\'dalock in Dalaran.', @NPC_AZUREGOS, 0, 0, 0, 1, 0, 0, 0, 0, 0, 0, 0, 0, 0, 0, 0, 0, 0, 0, 0, 0, NULL, NULL, NULL, NULL, 0, 0, 0, 0, 0, 0, 0, 0, 0, 0, 1, 0, 0, 0, 0, 0, 0, 0, 12340);
INSERT INTO `quest_template_addon` (`ID`, `MaxLevel`, `AllowableClasses`, `SourceSpellID`, `PrevQuestID`, `NextQuestID`, `ExclusiveGroup`, `RewardMailTemplateID`, `RewardMailDelay`, `RequiredSkillID`, `RequiredSkillPoints`, `RequiredMinRepFaction`, `RequiredMaxRepFaction`, `RequiredMinRepValue`, `RequiredMaxRepValue`, `ProvidedItemCount`, `SpecialFlags`) VALUES 
(@QUEST_AZUREGOS_MUST_DIE, 0, 0, 0, 0, 0, 0, 0, 0, 0, 0, 0, 0, 0, 0, 0, 1);
INSERT INTO `creature_queststarter` (`id`, `quest`) VALUES 
(20735, @QUEST_AZUREGOS_MUST_DIE);
INSERT INTO `creature_questender` (`id`, `quest`) VALUES 
(20735, @QUEST_AZUREGOS_MUST_DIE);
UPDATE `creature_template` SET `min_level` = 83, `max_level` = 83, `dmg_multiplier` = 35, `attackpower` = 268, `rangedattackpower` = 90, `health_mod` = 3300, `mana_mod` = 25, `mingold` = 770000, `maxgold` = 1100000 WHERE `entry` = @NPC_AZUREGOS;
DELETE FROM `creature_loot_template` WHERE `entry` = @NPC_AZUREGOS;
INSERT INTO `creature_loot_template` (`entry`, `item`, `ChanceOrQuestChance`, `lootmode`, `groupid`, `mincountOrRef`, `maxcount`) VALUES 
(6109, 18704, 60, 1, 0, 1, 1),
(6109, 34002, 100, 1, 2, -34002, 1),
(6109, 34003, 100, 1, 0, -34003, 1),
(6109, 34004, 100, 1, 2, -34004, 1),
(6109, 49426, 100, 1, 1, 5, 5); -- Emblem of frost


-- Taerar Must Die!
SET @QUEST_TAERAR_MUST_DIE := 1000002;
SET @NPC_TAERAR := 14890;
INSERT INTO `quest_template` (`ID`, `QuestType`, `QuestLevel`, `MinLevel`, `QuestSortID`, `QuestInfoID`, `SuggestedGroupNum`, `RequiredFactionId1`, `RequiredFactionId2`, `RequiredFactionValue1`, `RequiredFactionValue2`, `RewardNextQuest`, `RewardXPDifficulty`, `RewardMoney`, `RewardBonusMoney`, `RewardDisplaySpell`, `RewardSpell`, `RewardHonor`, `RewardKillHonor`, `StartItem`, `Flags`, `RequiredPlayerKills`, `RewardItem1`, `RewardItem2`, `RewardItem3`, `RewardItem4`, `RewardAmount1`, `RewardAmount2`, `RewardAmount3`, `RewardAmount4`, `ItemDrop1`, `ItemDropQuantity1`, `ItemDrop2`, `ItemDropQuantity2`, `ItemDrop3`, `ItemDropQuantity3`, `ItemDrop4`, `ItemDropQuantity4`, `RewardChoiceItemID1`, `RewardChoiceItemID2`, `RewardChoiceItemID3`, `RewardChoiceItemID4`, `RewardChoiceItemID5`, `RewardChoiceItemID6`, `RewardChoiceItemQuantity1`, `RewardChoiceItemQuantity2`, `RewardChoiceItemQuantity3`, `RewardChoiceItemQuantity4`, `RewardChoiceItemQuantity5`, `RewardChoiceItemQuantity6`, `POIContinent`, `POIx`, `POIy`, `POIPriority`, `RewardTitle`, `RewardTalents`, `RewardArenaPoints`, `RewardFactionID1`, `RewardFactionID2`, `RewardFactionID3`, `RewardFactionID4`, `RewardFactionID5`, `RewardFactionValue1`, `RewardFactionValue2`, `RewardFactionValue3`, `RewardFactionValue4`, `RewardFactionValue5`, `RewardFactionOverride1`, `RewardFactionOverride2`, `RewardFactionOverride3`, `RewardFactionOverride4`, `RewardFactionOverride5`, `TimeAllowed`, `AllowableRaces`, `LogTitle`, `LogDescription`, `QuestDescription`, `AreaDescription`, `OfferRewardText`, `RequestItemsText`, `QuestCompletionLog`, `RequiredNpcOrGo1`, `RequiredNpcOrGo2`, `RequiredNpcOrGo3`, `RequiredNpcOrGo4`, `RequiredNpcOrGoCount1`, `RequiredNpcOrGoCount2`, `RequiredNpcOrGoCount3`, `RequiredNpcOrGoCount4`, `RequiredItemId1`, `RequiredItemId2`, `RequiredItemId3`, `RequiredItemId4`, `RequiredItemId5`, `RequiredItemId6`, `RequiredItemCount1`, `RequiredItemCount2`, `RequiredItemCount3`, `RequiredItemCount4`, `RequiredItemCount5`, `RequiredItemCount6`, `Unknown0`, `ObjectiveText1`, `ObjectiveText2`, `ObjectiveText3`, `ObjectiveText4`, `DetailsEmote1`, `DetailsEmote2`, `DetailsEmote3`, `DetailsEmote4`, `DetailsEmoteDelay1`, `DetailsEmoteDelay2`, `DetailsEmoteDelay3`, `DetailsEmoteDelay4`, `EmoteOnIncomplete`, `EmoteOnComplete`, `OfferRewardEmote1`, `OfferRewardEmote2`, `OfferRewardEmote3`, `OfferRewardEmote4`, `OfferRewardEmoteDelay1`, `OfferRewardEmoteDelay2`, `OfferRewardEmoteDelay3`, `OfferRewardEmoteDelay4`, `VerifiedBuild`) VALUES 
(@QUEST_TAERAR_MUST_DIE, 2, 80, 80, 10, 62, 0, 0, 0, 0, 0, 0, 0, 296000, 0, 0, 0, 0, 0, 0, 32968, 0, 49426, 47241, 0, 0, 5, 5, 0, 0, 0, 0, 0, 0, 0, 0, 0, 0, 0, 0, 0, 0, 0, 0, 0, 0, 0, 0, 0, 0, 0, 0, 0, 0, 0, 0, 0, 1090, 0, 0, 0, 0, 5, 0, 0, 0, 0, 0, 0, 0, 0, 0, 0, 1101, 'Taerar Must Die!', 'Kill Taerar.$B$BThis quest can be completed with any difficulty or size raid.', 'The nightmare has corrupted the Emerald Dream, transforming one of Ysera\'s most trusted dragon into a formidable foe.$B$BQuickly! You must kill Taerar as soon as possible!', NULL, 'Rest well noble dragon, into the eternal dream.', NULL, 'Return to Archmage Lan\'dalock in Dalaran.', @NPC_TAERAR, 0, 0, 0, 1, 0, 0, 0, 0, 0, 0, 0, 0, 0, 0, 0, 0, 0, 0, 0, 0, NULL, NULL, NULL, NULL, 0, 0, 0, 0, 0, 0, 0, 0, 0, 0, 1, 0, 0, 0, 0, 0, 0, 0, 12340);
INSERT INTO `quest_template_addon` (`ID`, `MaxLevel`, `AllowableClasses`, `SourceSpellID`, `PrevQuestID`, `NextQuestID`, `ExclusiveGroup`, `RewardMailTemplateID`, `RewardMailDelay`, `RequiredSkillID`, `RequiredSkillPoints`, `RequiredMinRepFaction`, `RequiredMaxRepFaction`, `RequiredMinRepValue`, `RequiredMaxRepValue`, `ProvidedItemCount`, `SpecialFlags`) VALUES 
(@QUEST_TAERAR_MUST_DIE, 0, 0, 0, 0, 0, 0, 0, 0, 0, 0, 0, 0, 0, 0, 0, 1);
INSERT INTO `creature_queststarter` (`id`, `quest`) VALUES 
(20735, @QUEST_TAERAR_MUST_DIE);
INSERT INTO `creature_questender` (`id`, `quest`) VALUES 
(20735, @QUEST_TAERAR_MUST_DIE);
UPDATE `creature_template` SET `min_level` = 83, `max_level` = 83, `dmg_multiplier` = 35, `attackpower` = 268, `rangedattackpower` = 90, `health_mod` = 3300, `mana_mod` = 25, `mingold` = 770000, `maxgold` = 1100000 WHERE `entry` = @NPC_TAERAR;
DELETE FROM `creature_loot_template` WHERE `entry` = @NPC_TAERAR;
INSERT INTO `creature_loot_template` (`entry`, `item`, `ChanceOrQuestChance`, `lootmode`, `groupid`, `mincountOrRef`, `maxcount`) VALUES 
(@NPC_TAERAR, 20644, 100, 1, 0, 1, 1),
(@NPC_TAERAR, 34002, 100, 1, 2, -34002, 2),
(@NPC_TAERAR, 34003, 100, 1, 0, -34003, 1),
(@NPC_TAERAR, 34007, 100, 1, 2, -34007, 2),
(@NPC_TAERAR, 49426, 100, 1, 1, 5, 5); -- Emblem of frost


-- Varian Must Die!
SET @QUEST_VARIAN_MUST_DIE := 1000003;
SET @NPC_VARIAN := 29611;
INSERT INTO `quest_template` (`ID`, `QuestType`, `QuestLevel`, `MinLevel`, `QuestSortID`, `QuestInfoID`, `SuggestedGroupNum`, `RequiredFactionId1`, `RequiredFactionId2`, `RequiredFactionValue1`, `RequiredFactionValue2`, `RewardNextQuest`, `RewardXPDifficulty`, `RewardMoney`, `RewardBonusMoney`, `RewardDisplaySpell`, `RewardSpell`, `RewardHonor`, `RewardKillHonor`, `StartItem`, `Flags`, `RequiredPlayerKills`, `RewardItem1`, `RewardItem2`, `RewardItem3`, `RewardItem4`, `RewardAmount1`, `RewardAmount2`, `RewardAmount3`, `RewardAmount4`, `ItemDrop1`, `ItemDropQuantity1`, `ItemDrop2`, `ItemDropQuantity2`, `ItemDrop3`, `ItemDropQuantity3`, `ItemDrop4`, `ItemDropQuantity4`, `RewardChoiceItemID1`, `RewardChoiceItemID2`, `RewardChoiceItemID3`, `RewardChoiceItemID4`, `RewardChoiceItemID5`, `RewardChoiceItemID6`, `RewardChoiceItemQuantity1`, `RewardChoiceItemQuantity2`, `RewardChoiceItemQuantity3`, `RewardChoiceItemQuantity4`, `RewardChoiceItemQuantity5`, `RewardChoiceItemQuantity6`, `POIContinent`, `POIx`, `POIy`, `POIPriority`, `RewardTitle`, `RewardTalents`, `RewardArenaPoints`, `RewardFactionID1`, `RewardFactionID2`, `RewardFactionID3`, `RewardFactionID4`, `RewardFactionID5`, `RewardFactionValue1`, `RewardFactionValue2`, `RewardFactionValue3`, `RewardFactionValue4`, `RewardFactionValue5`, `RewardFactionOverride1`, `RewardFactionOverride2`, `RewardFactionOverride3`, `RewardFactionOverride4`, `RewardFactionOverride5`, `TimeAllowed`, `AllowableRaces`, `LogTitle`, `LogDescription`, `QuestDescription`, `AreaDescription`, `OfferRewardText`, `RequestItemsText`, `QuestCompletionLog`, `RequiredNpcOrGo1`, `RequiredNpcOrGo2`, `RequiredNpcOrGo3`, `RequiredNpcOrGo4`, `RequiredNpcOrGoCount1`, `RequiredNpcOrGoCount2`, `RequiredNpcOrGoCount3`, `RequiredNpcOrGoCount4`, `RequiredItemId1`, `RequiredItemId2`, `RequiredItemId3`, `RequiredItemId4`, `RequiredItemId5`, `RequiredItemId6`, `RequiredItemCount1`, `RequiredItemCount2`, `RequiredItemCount3`, `RequiredItemCount4`, `RequiredItemCount5`, `RequiredItemCount6`, `Unknown0`, `ObjectiveText1`, `ObjectiveText2`, `ObjectiveText3`, `ObjectiveText4`, `DetailsEmote1`, `DetailsEmote2`, `DetailsEmote3`, `DetailsEmote4`, `DetailsEmoteDelay1`, `DetailsEmoteDelay2`, `DetailsEmoteDelay3`, `DetailsEmoteDelay4`, `EmoteOnIncomplete`, `EmoteOnComplete`, `OfferRewardEmote1`, `OfferRewardEmote2`, `OfferRewardEmote3`, `OfferRewardEmote4`, `OfferRewardEmoteDelay1`, `OfferRewardEmoteDelay2`, `OfferRewardEmoteDelay3`, `OfferRewardEmoteDelay4`, `VerifiedBuild`) VALUES 
(@QUEST_VARIAN_MUST_DIE, 2, 80, 80, 1519, 62, 0, 0, 0, 0, 0, 0, 0, 296000, 0, 0, 0, 50000, 0, 0, 32968, 0, 43307, 0, 0, 0, 100, 0, 0, 0, 0, 0, 0, 0, 0, 0, 0, 0, 0, 0, 0, 0, 0, 0, 0, 0, 0, 0, 0, 0, 0, 0, 0, 0, 0, 0, 0, 1090, 0, 0, 0, 0, 5, 0, 0, 0, 0, 0, 0, 0, 0, 0, 0, 690, 'Varian Must Die!', 'Kill King Varian Wrynn.$B$BThis quest can be completed with any difficulty or size raid.', 'From the Black Market comes a contract to kill King Varian Wrynn in Stormwind.$B$BThe Kirin Tor does not approve this, but the contract is yours if you want it.', NULL, 'Here you go, the contract has been performed.', NULL, 'Return to Archmage Lan\'dalock in Dalaran.', @NPC_VARIAN, 0, 0, 0, 1, 0, 0, 0, 0, 0, 0, 0, 0, 0, 0, 0, 0, 0, 0, 0, 0, NULL, NULL, NULL, NULL, 0, 0, 0, 0, 0, 0, 0, 0, 0, 0, 1, 0, 0, 0, 0, 0, 0, 0, 12340);
INSERT INTO `quest_template_addon` (`ID`, `MaxLevel`, `AllowableClasses`, `SourceSpellID`, `PrevQuestID`, `NextQuestID`, `ExclusiveGroup`, `RewardMailTemplateID`, `RewardMailDelay`, `RequiredSkillID`, `RequiredSkillPoints`, `RequiredMinRepFaction`, `RequiredMaxRepFaction`, `RequiredMinRepValue`, `RequiredMaxRepValue`, `ProvidedItemCount`, `SpecialFlags`) VALUES 
(@QUEST_VARIAN_MUST_DIE, 0, 0, 0, 0, 0, 0, 0, 0, 0, 0, 0, 0, 0, 0, 0, 1);
INSERT INTO `creature_queststarter` (`id`, `quest`) VALUES 
(20735, @QUEST_VARIAN_MUST_DIE);
INSERT INTO `creature_questender` (`id`, `quest`) VALUES 
(20735, @QUEST_VARIAN_MUST_DIE);

-- Thrall Must Die!
SET @QUEST_THRALL_MUST_DIE := 1000003;
SET @NPC_THRALL := 29611;
INSERT INTO `quest_template` (`ID`, `QuestType`, `QuestLevel`, `MinLevel`, `QuestSortID`, `QuestInfoID`, `SuggestedGroupNum`, `RequiredFactionId1`, `RequiredFactionId2`, `RequiredFactionValue1`, `RequiredFactionValue2`, `RewardNextQuest`, `RewardXPDifficulty`, `RewardMoney`, `RewardBonusMoney`, `RewardDisplaySpell`, `RewardSpell`, `RewardHonor`, `RewardKillHonor`, `StartItem`, `Flags`, `RequiredPlayerKills`, `RewardItem1`, `RewardItem2`, `RewardItem3`, `RewardItem4`, `RewardAmount1`, `RewardAmount2`, `RewardAmount3`, `RewardAmount4`, `ItemDrop1`, `ItemDropQuantity1`, `ItemDrop2`, `ItemDropQuantity2`, `ItemDrop3`, `ItemDropQuantity3`, `ItemDrop4`, `ItemDropQuantity4`, `RewardChoiceItemID1`, `RewardChoiceItemID2`, `RewardChoiceItemID3`, `RewardChoiceItemID4`, `RewardChoiceItemID5`, `RewardChoiceItemID6`, `RewardChoiceItemQuantity1`, `RewardChoiceItemQuantity2`, `RewardChoiceItemQuantity3`, `RewardChoiceItemQuantity4`, `RewardChoiceItemQuantity5`, `RewardChoiceItemQuantity6`, `POIContinent`, `POIx`, `POIy`, `POIPriority`, `RewardTitle`, `RewardTalents`, `RewardArenaPoints`, `RewardFactionID1`, `RewardFactionID2`, `RewardFactionID3`, `RewardFactionID4`, `RewardFactionID5`, `RewardFactionValue1`, `RewardFactionValue2`, `RewardFactionValue3`, `RewardFactionValue4`, `RewardFactionValue5`, `RewardFactionOverride1`, `RewardFactionOverride2`, `RewardFactionOverride3`, `RewardFactionOverride4`, `RewardFactionOverride5`, `TimeAllowed`, `AllowableRaces`, `LogTitle`, `LogDescription`, `QuestDescription`, `AreaDescription`, `OfferRewardText`, `RequestItemsText`, `QuestCompletionLog`, `RequiredNpcOrGo1`, `RequiredNpcOrGo2`, `RequiredNpcOrGo3`, `RequiredNpcOrGo4`, `RequiredNpcOrGoCount1`, `RequiredNpcOrGoCount2`, `RequiredNpcOrGoCount3`, `RequiredNpcOrGoCount4`, `RequiredItemId1`, `RequiredItemId2`, `RequiredItemId3`, `RequiredItemId4`, `RequiredItemId5`, `RequiredItemId6`, `RequiredItemCount1`, `RequiredItemCount2`, `RequiredItemCount3`, `RequiredItemCount4`, `RequiredItemCount5`, `RequiredItemCount6`, `Unknown0`, `ObjectiveText1`, `ObjectiveText2`, `ObjectiveText3`, `ObjectiveText4`, `DetailsEmote1`, `DetailsEmote2`, `DetailsEmote3`, `DetailsEmote4`, `DetailsEmoteDelay1`, `DetailsEmoteDelay2`, `DetailsEmoteDelay3`, `DetailsEmoteDelay4`, `EmoteOnIncomplete`, `EmoteOnComplete`, `OfferRewardEmote1`, `OfferRewardEmote2`, `OfferRewardEmote3`, `OfferRewardEmote4`, `OfferRewardEmoteDelay1`, `OfferRewardEmoteDelay2`, `OfferRewardEmoteDelay3`, `OfferRewardEmoteDelay4`, `VerifiedBuild`) VALUES 
(@QUEST_THRALL_MUST_DIE, 2, 80, 80, 1637, 62, 0, 0, 0, 0, 0, 0, 0, 296000, 0, 0, 0, 50000, 0, 0, 32968, 0, 43307, 0, 0, 0, 100, 0, 0, 0, 0, 0, 0, 0, 0, 0, 0, 0, 0, 0, 0, 0, 0, 0, 0, 0, 0, 0, 0, 0, 0, 0, 0, 0, 0, 0, 0, 1090, 0, 0, 0, 0, 5, 0, 0, 0, 0, 0, 0, 0, 0, 0, 0, 1101, 'Thrall Must Die!', 'Kill Warchief Thrall.$B$BThis quest can be completed with any difficulty or size raid.', 'From the Black Market comes a contract to kill Warchief Thrall in Orgrimmar.$B$BThe Kirin Tor does not approve this, but the contract is yours if you want it.', NULL, 'Here you go, the contract has been performed.', NULL, 'Return to Archmage Lan\'dalock in Dalaran.', @NPC_THRALL, 0, 0, 0, 1, 0, 0, 0, 0, 0, 0, 0, 0, 0, 0, 0, 0, 0, 0, 0, 0, NULL, NULL, NULL, NULL, 0, 0, 0, 0, 0, 0, 0, 0, 0, 0, 1, 0, 0, 0, 0, 0, 0, 0, 12340);
INSERT INTO `quest_template_addon` (`ID`, `MaxLevel`, `AllowableClasses`, `SourceSpellID`, `PrevQuestID`, `NextQuestID`, `ExclusiveGroup`, `RewardMailTemplateID`, `RewardMailDelay`, `RequiredSkillID`, `RequiredSkillPoints`, `RequiredMinRepFaction`, `RequiredMaxRepFaction`, `RequiredMinRepValue`, `RequiredMaxRepValue`, `ProvidedItemCount`, `SpecialFlags`) VALUES 
(@QUEST_THRALL_MUST_DIE, 0, 0, 0, 0, 0, 0, 0, 0, 0, 0, 0, 0, 0, 0, 0, 1);
INSERT INTO `creature_queststarter` (`id`, `quest`) VALUES 
(20735, @QUEST_THRALL_MUST_DIE);
INSERT INTO `creature_questender` (`id`, `quest`) VALUES 
(20735, @QUEST_THRALL_MUST_DIE);